#,Song,Artist,BPM,Camelot,Energy,Added At,Duration,Popularity,Genres,Album,Album Date,Dance,Acoustic,Instrumental,Valence,Speech,Live,Loud (Db),Key,Time Signature,Spotify Track Id,ISRC
1,"Forgot About Dre","Dr. Dre,Eminem",134,4B,74,2026-03-09,03:42,80,"old school hip hop, g-funk, gangster rap, west coast hip hop, hip hop, rap","2001",1999-11-16,92,8,0,62,0,10,-1,G#/A♭ Major,4,7iXF2W9vKmDoGAhlHdpyIa,USIR19915077
2,"Still D.R.E.","Dr. Dre,Snoop Dogg",93,1B,78,2026-03-09,04:30,84,"old school hip hop, g-funk, gangster rap, west coast hip hop, hip hop, rap","2001",1999-11-16,82,16,0,53,20,0,-3,B Major,4,503OTo2dSqe7qk76rgsbep,USIR19905031
3,"The Next Episode","Dr. Dre,Snoop Dogg",95,3A,91,2026-03-09,02:41,81,"old school hip hop, g-funk, gangster rap, west coast hip hop, hip hop, rap","2001",1999-11-16,92,3,0,31,20,0,-2,A#/B♭ Minor,4,4LwU4Vp6od3Sb08CsP99GC,USIR19915078
4,"Ms. Jackson","Outkast",95,9A,81,2026-03-09,04:30,84,"southern hip hop, hip hop","Stankonia",2000-10-31,84,14,0,61,20,0,-6,E Minor,4,0I3q5fE6wg7LIfHGngUTnV,USLF20000357
5,"Gangsta's Paradise","Coolio,L.V.",80,4B,51,2026-03-09,04:00,88,"west coast hip hop, g-funk, ","Gangsta's Paradise",1995-11-07,65,7,0,39,0,40,-10,G#/A♭ Major,4,1DIXPcTDzTj8ZMHt3PDt8p,USTB10400128
6,"Can't C Me","2Pac",95,8B,85,2026-03-11,05:30,70,"old school hip hop, gangster rap, west coast hip hop, g-funk, hip hop","All Eyez On Me",1996-02-13,80,4,0,67,10,30,-2,C Major,4,7rUchbZxrhF29Q0vYjKEU0,USKO10404416
7,"Notorious Thugs - 2014 Remaster","The Notorious B.I.G.",155,10A,87,2026-03-09,06:06,72,"old school hip hop, gangster rap, east coast hip hop, hip hop","Life After Death (2014 Remastered Edition)",1997-03-04,70,12,0,74,10,20,-4,B Minor,4,19FsxX4RthRMZGfXkImdCb,USAT21402735
8,"Let Me Clear My Throat - Old School Reunion Remix '96","DJ Kool",103,9B,90,2026-03-10,04:50,59,"go-go, old school hip hop","Let Me Clear My Throat",1996-01-01,70,17,0,54,20,30,-7,G Major,4,7k3sn5TIQ3qRVJ8FPTG9kx,USSM19802892
9,"Paul Revere","Beastie Boys",92,11A,55,2026-03-09,03:40,61,"rap rock, old school hip hop, east coast hip hop, hip hop","Licensed To Ill",1986-11-15,88,2,0,58,90,20,-13,F#/G♭ Minor,4,3gKwVWwKmeuFtPubICbOGc,USDJ28600009
10,"It's Tricky","Run–D.M.C.",128,10A,92,2026-03-09,03:02,66,"old school hip hop, east coast hip hop, hip hop","Raising Hell (Expanded Edition)",1986-05-15,97,0,0,94,10,0,-5,B Minor,4,5IGUkmuTVroDG2PnaUiNFj,USAR18600005
11,"Wild Thing","Tone-Loc",126,9B,69,2026-03-09,04:23,65,"","Loc-ed After Dark",1989-01-01,94,0,0,81,10,0,-12,G Major,4,0gljI0CtjpdZK6ecidfxto,USA370507633
12,"Funky Cold Medina","Tone-Loc",117,4A,63,2026-03-09,04:08,62,"","Loc-ed After Dark",1989-01-01,99,8,0,93,0,0,-15,F Minor,4,5YIF6HSOtHN9HdcE5IPzMe,USA370507637
13,"Parents Just Don't Understand","DJ Jazzy Jeff & The Fresh Prince",88,3A,73,2026-03-09,05:36,34,"old school hip hop","He's the DJ, I'm the Rapper (Expanded Edition)",1988-03-29,83,2,0,76,20,10,-10,A#/B♭ Minor,4,4vEWRakctkzouRwOeR6BRQ,USJI11600018
14,"The Fresh Prince of Bel-Air","DJ Jazzy Jeff & The Fresh Prince",101,3A,68,2026-03-09,02:57,58,"old school hip hop","Greatest Hits",1998-00-00,82,0,0,87,0,0,-7,A#/B♭ Minor,4,0UREO3QWbXJW3gOUXpK1am,USJI19000013
15,"Come Baby Come","K7",106,10B,73,2026-03-09,03:59,64,"freestyle","Swing Batta Swing",1993-11-09,83,3,0,55,10,0,-8,D Major,4,2b8RCiPb2rtG5AQ1FwyUZX,USTB10300395
16,"Move It Like This","K7",106,9B,64,2026-03-09,05:06,42,"freestyle","Swing Batta Swing",1993-11-09,78,3,0,80,0,0,-10,G Major,4,6nwqlo3MoeUjpzx8wveoaY,USTB10301269
17,"I Love to Turn You On (Zunga Zeng)","K7",104,3B,66,2026-03-09,04:33,34,"freestyle","Swing Batta Swing",1993-11-09,85,5,0,62,10,0,-10,C♯/D♭ Major,4,64b3qITpWZ0U6aoH6v7l2J,USTB10300422
18,"Rump Shaker","Wreckx-N-Effect",103,4A,82,2026-03-09,05:12,62,"new jack swing, old school hip hop","Hard Or Smooth",1992-01-01,89,0,2,23,20,30,-7,F Minor,4,4dY4JVC0Q9CwpeZ6JAclIc,USMC19238663
19,"Da' Dip","Freak Nasty",132,4B,43,2026-03-09,03:57,56,"miami bass, new orleans bounce","Controversee…That's Life…and That's the Way It Is",1996-10-29,95,1,3,72,30,20,-17,G#/A♭ Major,4,76YDsWGWezclVy9Z6sDGhf,US25T9920900
20,"Whoomp! There It Is - Radio Edit","Tag Team",129,9A,64,2026-03-09,03:45,63,"miami bass","Whoomp! There It Is (Radio Edit)",1993-05-07,80,0,0,42,0,0,-7,E Minor,4,3oWXoSkjdbTlQlteizN7Hb,US25X1900111
21,"I Got 5 On It","Luniz,Michael Marshall",174,3A,71,2026-03-09,04:13,76,"g-funk, west coast hip hop, old school hip hop, brazilian bass","Operation Stackola",1995-07-04,58,21,0,58,30,10,-8,A#/B♭ Minor,4,4IYKjN1DrYzxKXt0umJqsG,USVI29500016
22,"It Wasn't Me","Shaggy,Rik Rok",95,8B,61,2026-03-09,03:47,82,"reggae, dancehall, riddim, ragga, lovers rock","Hot Shot",2000-08-08,85,6,0,65,0,30,-5,C Major,4,3WkibOpDF7cQ5xntM1epyf,USMC10000393
23,"Angel","Shaggy,Rayvon",171,2B,77,2026-03-09,03:55,81,"reggae, ","Hot Shot",2000-08-08,74,12,0,81,10,0,-3,F#/G♭ Major,4,7FDV5ELOJHCGLe52AnttEd,USMC19989405
24,"My Name Is","Eminem",86,3B,68,2026-03-09,04:28,74,"rap, hip hop","The Slim Shady LP",1999-02-23,87,4,0,82,30,0,-6,C♯/D♭ Major,4,75IN3CtuZwTHTnZvYM4qnJ,USIR19902059
25,"Whatta Man","Salt-N-Pepa,En Vogue",173,7B,54,2026-03-11,05:08,66,"old school hip hop, new jack swing","Very Necessary",1993-10-12,76,15,0,92,20,20,-11,F Major,4,7sJN693sYKEIEMu7fc5VnJ,USIR20300399
26,"The Real Slim Shady","Eminem",105,4A,66,2026-03-09,04:44,86,"rap, hip hop","The Marshall Mathers LP",2000-05-23,95,3,0,76,0,0,-4,F Minor,4,3yfqSUWxFvZELEM4PmlwIR,USIR10000448
27,"Money Ain't A Thang","JAŸ-Z,Jermaine Dupri",100,11A,70,2026-03-10,04:13,43,"hip hop, east coast hip hop, rap, southern hip hop","Vol.2... Hard Knock Life",1998-11-29,86,5,0,86,20,10,-8,F#/G♭ Minor,4,3dT126FgdirenOn5aDXHBE,USRL19800897
28,"Touch It","Monifah",115,1A,48,2026-03-09,04:45,55,"new jack swing","Mo'Hogany",1998-01-01,86,3,5,78,0,0,-10,G#/A♭ Minor,4,3upCmUgdchN3u0vkedbC5S,USUR19800992
29,"Too Close","Next",100,9B,40,2026-03-09,04:19,69,"r&b","Rated Next",1997-09-30,85,1,0,75,0,20,-10,G Major,4,5IFCyWplye09HytIP80RCF,USAR19700121
30,"Dance With Me","112",102,11B,51,2026-03-09,03:51,66,"r&b","Part III",2001-00-00,91,3,0,61,20,0,-6,A Major,4,6uRH1qMz30ZBwwUG0IYE5s,USBB40581356
31,"It's Over Now","112",98,3B,71,2026-03-09,04:24,59,"r&b","Part III",2001-00-00,66,1,0,23,0,0,-5,C♯/D♭ Major,4,769geiA8btidGHda4BBDOJ,USBB40581357
32,"Peaches & Cream","112",204,9A,52,2026-03-09,03:13,63,"r&b","Part III",2001-00-00,68,0,0,77,30,0,-6,E Minor,4,2SLZ2rX5773RS16mcqBxG7,USBB40581358
33,"Butterfly","Crazy Town",104,8A,81,2026-03-09,03:36,79,"rap rock, nu metal, rap metal","The Gift Of Game",2000-12-15,74,0,0,61,0,10,-4,A Minor,4,4BggEwLhGfrbrl7JBhC8EC,USSM19911429
34,"My Band","D12",120,12A,85,2026-03-10,04:58,72,"","D-12 World",2004-01-01,85,50,0,84,0,10,-3,C♯/D♭ Minor,4,4XHQyvbrBsQaaBUW1VvmsL,USIR10400103
35,"Gangsta Bop","Akon",176,4A,35,2026-03-10,04:06,62,"","Konvicted",2006-01-01,76,7,0,83,10,0,-7,F Minor,4,3nfVBXYJtRWeNxHMSMvIsE,USUM70615294
36,"In Da Club","50 Cent",90,11A,72,2026-03-09,03:13,77,"old school hip hop, east coast hip hop","Get Rich Or Die Tryin'",2003-02-06,90,26,0,81,30,0,-3,F#/G♭ Minor,4,4RY96Asd9IefaL3X4LOLZ8,USIR10300033
37,"Jenny from the Block (feat. Jadakiss & Styles P.) - Track Masters Remix","Jennifer Lopez,Jadakiss,Styles P",100,2B,75,2026-03-10,03:07,62,"east coast hip hop","This Is Me...Then",2002-11-19,84,1,0,96,20,0,-5,F#/G♭ Major,4,4ZOyH6KjomjlqCz3oFqglr,USSM10212454
38,"Girlfriend","Bow Wow,Omarion",75,9B,80,2026-03-10,04:44,45,"r&b","Face Off",2007-12-11,73,11,0,85,20,20,-5,G Major,4,4yDKPeWA3rJiCNbPALWJjN,USSM10705221
39,"Basketball (feat. Jermaine Dupri, Fabolous & Fundisha)","Bow Wow,Jermaine Dupri,Fabolous,Fundisha",108,6A,78,2026-03-09,03:18,51,"r&b, southern hip hop, ","Music From The Motion Picture Like Mike",2002-06-04,88,6,0,74,10,20,-5,G Minor,4,2SrXt0JJEX9PfVSZuJ6dqg,USSM10208933
40,"Ride Wit Me","Nelly,City Spud",102,9B,70,2026-03-09,04:51,79,"country hip hop","Country Grammar",2000-06-27,85,6,0,72,0,20,-6,G Major,4,3Gf5nttwcX9aaSQXRWidEZ,USUR10000183
41,"Country Grammar (Hot Shit)","Nelly",81,10B,66,2026-03-09,04:47,71,"","Country Grammar",2000-06-27,88,1,0,59,0,10,-7,D Major,4,3wMUvT6eIw2L5cZFG1yH9j,USUR10080452
42,"Air Force Ones","Nelly,Murphy Lee,Ali,Kyjuan",164,9A,46,2026-03-09,05:04,64,"","Nellyville",2002-06-25,78,8,0,62,30,0,-10,E Minor,4,7kAFSrTIOiVZ0gnHBuAH3l,USUR10200367
43,"Work It","Missy Elliott",102,3B,68,2026-03-09,04:23,73,"hip hop","Under Construction",2002-11-12,88,8,0,58,20,0,-6,C♯/D♭ Major,4,3jagJCUbdqhDSPuxP8cAqF,USEE10240730
44,"Case Of The Ex (Whatcha Gonna Do)","Mýa",98,12A,68,2026-03-09,03:56,62,"","Fear Of Flying",2000-01-01,77,7,0,35,0,0,-5,C♯/D♭ Minor,4,1ak0S3NhwWrUgNlQhJ1412,USIR10000805
45,"No More (Baby I'ma Do Right)","3LW",89,7A,72,2026-03-09,04:23,55,"","3LW",2000-11-06,72,10,0,76,0,0,-7,D Minor,4,5zn1hpm9N0ylKB7kOtpCw2,USSM10010610
46,"Are You That Somebody?","Aaliyah",138,8A,66,2026-03-09,04:25,69,"r&b","I Care 4 U",2002-12-10,85,14,2,84,10,0,-7,A Minor,4,4QTO9eLRONw0rzOVWU4uB4,USUYG1352903
47,"Try Again","Aaliyah",93,11A,66,2026-03-09,04:44,69,"r&b","Aaliyah",2001-07-07,79,8,0,68,20,0,-5,F#/G♭ Minor,4,54uLTcjNraWuwjqLrDhG23,USUYG1353209
48,"Hot Like Fire (Timbaland's Groove Mix) [feat. Missy Elliott & Timbaland] - Bonus","Aaliyah,Missy Elliott,Timbaland",83,8B,68,2026-03-09,04:35,44,"r&b, hip hop, ","One In A Million",1996-08-13,77,20,2,86,10,20,-4,C Major,4,0BgPOcHQkswYenPLchHsaB,USUYG1382688
49,"My Love Is Like...Wo","Mýa",133,12B,68,2026-03-09,03:29,53,"","Moodring",2003-01-01,84,23,0,71,10,20,-6,E Major,4,3Gamc2D6VSlXpUcmhPUFYt,USIR10311874
50,"Say My Name","Destiny's Child",138,4A,68,2026-03-09,04:31,81,"","The Writing's On The Wall",1999-07-27,71,27,0,73,10,10,-4,F Minor,4,7H6ev70Weq6DdpZyyTmUXk,USSM19901056
51,"Jumpin', Jumpin'","Destiny's Child",89,3B,69,2026-03-09,03:50,72,"","The Writing's On The Wall",1999-07-27,77,1,0,68,0,0,-5,C♯/D♭ Major,4,4pmc2AxSEq6g7hPVlJCPyP,USSM19901054
52,"Bootylicious","Destiny's Child",103,12A,84,2026-03-09,03:27,63,"","Survivor",2001-05-01,84,0,0,64,20,10,-4,C♯/D♭ Minor,4,41nT1Sp6ChR65FbsdLlFHW,USSM10102677
53,"Dip It Low","Christina Milian",169,10A,72,2026-03-09,03:21,53,"","Dip It Low",2004-01-01,75,1,0,58,10,0,-4,B Minor,4,4L55p6txv9vuCWhpNnY6eY,USIR20300789
54,"AM To PM","Christina Milian",105,3A,87,2026-03-09,03:51,57,"","Christina Milian",2001-00-00,87,15,0,82,10,80,-3,A#/B♭ Minor,4,1PUNthIXityeZlnRLcP7JI,USIR20110076
55,"Goodies (feat. Petey Pablo)","Ciara,Petey Pablo",102,4A,65,2026-03-09,03:43,69,"crunk, southern hip hop","Goodies",2004-09-27,83,3,0,87,0,30,-6,F Minor,4,3dFwpxh2yH7C7p9BGEKLVB,USLF20400041
56,"Hotline","Ciara",123,8B,34,2026-03-09,03:23,38,"","Goodies",2004-09-27,96,4,0,11,40,0,-8,C Major,4,11SgGk0IyjzcvRpj6mlisM,USLF20400125
57,"1, 2 Step (feat. Missy Elliott)","Ciara,Missy Elliott",113,4A,51,2026-03-09,03:23,77,"hip hop","Goodies",2004-09-27,94,4,0,84,10,0,-11,F Minor,4,7uKcScNXuO3MWw6LowBjW1,USLF20400121
58,"You Make Me Wanna...","USHER",164,4A,64,2026-03-09,03:39,69,"r&b","My Way",1997-09-16,76,4,0,92,0,0,-8,F Minor,4,47TqCCnEliDp8NRDyIQoQq,USLF29900480
59,"Bad Girl","USHER",88,11A,83,2026-03-09,04:21,64,"r&b","Confessions (Expanded Edition)",2004-03-23,78,25,0,84,20,20,-7,F#/G♭ Minor,4,5rPzPAaOUceS8HiAculegz,USAR10400214
60,"Superstar","USHER",142,11A,59,2026-03-09,03:11,62,"r&b","Confessions (Expanded Edition)",2004-03-23,67,13,0,71,0,30,-5,F#/G♭ Minor,3,18JosZY3HzD3lMy6iOOSAY,USAR10400976
61,"One Call Away","Chingy,Jason Weaver",163,9A,82,2026-03-09,04:36,64,"crunk, ","Jackpot",2003-01-01,77,9,0,96,10,20,-6,E Minor,4,0UNTBB02C1aB55Fu4H63qd,USCA20300286
62,"Let Me Blow Ya Mind","Eve,Gwen Stefani",90,1A,54,2026-03-09,03:50,72,"","Scorpion",2001-02-25,91,26,0,88,10,0,-4,G#/A♭ Minor,4,4YA5g2UpNLmdql8fdrhlwY,USIR10110155
63,"Tambourine","Eve",103,3B,85,2026-03-09,03:12,69,"","Tambourine",2007-01-01,82,24,0,57,20,30,-4,C♯/D♭ Major,4,1U16aNzvnlfARgjWXjKmQj,USUM70730737
64,"Lose Control (feat. Ciara & Fat Man Scoop)","Missy Elliott,Ciara,Fatman Scoop",125,9A,81,2026-03-09,03:46,70,"hip hop, ","The Cookbook",2005-07-04,90,3,1,81,10,0,-7,E Minor,4,0UaMYEvWZi0ZqiDOoHU3YI,USEE10414022
65,"Disco Inferno","50 Cent",97,5B,66,2026-03-09,03:34,76,"old school hip hop, east coast hip hop","The Massacre",2005-03-03,93,21,0,71,20,20,-5,D#/E♭ Major,4,69bHJ9qs5FrUJbKP8xU8uZ,USIR10401085
66,"Candy Shop","50 Cent,Olivia",125,1B,57,2026-03-09,03:29,82,"old school hip hop, east coast hip hop, ","The Massacre",2005-03-03,61,3,0,76,40,30,-8,B Major,5,5D2mYZuzcgjpchVY1pmTPh,USIR10500072
67,"Magic Stick","Lil' Kim",93,10B,50,2026-03-09,05:59,63,"east coast hip hop","La Bella Mafia",2003-03-03,85,12,0,50,20,20,-8,D Major,4,0aULRU35N9kTj6O1xMULRR,USAT20300282
68,"How Many Licks? (feat. Sisqo)","Lil' Kim,Sisqo",105,3A,85,2026-03-09,03:52,57,"east coast hip hop, ","The Notorious K.I.M.",2000-06-16,78,5,0,65,10,30,-3,A#/B♭ Minor,4,5jv3QxL0MFswzM1UJ2qQJM,USAT20001914
69,"Slow Motion","JUVENILE,Soulja Slim",173,5A,73,2026-03-09,04:08,67,"southern hip hop, crunk, new orleans bounce, bounce","Juve The Great",2003-01-01,71,55,0,89,30,0,-5,C Minor,4,6ihObRBTB8xdSH2mlERtOX,USCM50300192
70,"Laffy Taffy","D4L",77,6A,44,2026-03-09,03:44,69,"crunk, southern hip hop","Down for Life",2005-11-08,89,4,0,62,40,0,-8,G Minor,4,2ajhenDRiiAnCHHjsIOHhJ,USEA20520540
71,"Lip Gloss","Lil Mama",189,10B,87,2026-03-09,03:39,63,"","Lip Gloss (Main Version)",2007-03-06,62,41,0,94,50,0,-5,D Major,4,1Y4ZdPOOgCUhBcKZOrUFiS,USJI10700087
72,"She Ain't Got...","LeToya",144,11A,87,2026-03-09,03:40,22,"","Lady Love (Explicit)",2009-01-01,51,6,0,66,20,20,-5,F#/G♭ Minor,4,0gAu6mBU7udA9NrfAzAAw2,USCA20903340
73,"Like a Boy","Ciara",132,5A,72,2026-03-09,03:57,67,"","The Evolution",2006-00-00,70,27,0,43,10,0,-6,C Minor,4,358bOvBiZCS9fRzNYosw6c,USLF20600599
74,"Mommy - with Mommy Interlude","Missy Elliott",146,12A,50,2026-03-09,03:08,24,"hip hop","The Cookbook",2005-07-04,72,5,0,15,30,20,-7,C♯/D♭ Minor,5,0Z8taEEMbqDMV0eNmD1ypH,USEE10414033
75,"Family Affair","Mary J. Blige",93,1A,55,2026-03-09,04:25,83,"r&b","No More Drama",2001-08-28,91,13,0,97,0,0,-4,G#/A♭ Minor,4,3aw9iWUQ3VrPQltgwvN9Xu,USMC10111369
76,"Ching-a-Ling (From  Step up 2: The Streets)","Silver Screen Superstars",102,12A,46,2026-03-09,03:45,20,"","Music from Dance Films",2013-11-03,80,5,0,7,0,10,-14,C♯/D♭ Minor,4,38GNzMraWWHDqmxgWEuHWe,GBQRF1035814
77,"Conceited (There's Something About Remy)","Remy Ma",100,1B,58,2026-03-09,03:39,74,"","There's Something About Remy-Based On A True Story (Explicit)",2006-01-01,67,20,0,56,40,10,-8,B Major,4,2OcBwebjQsdJy76zWvLQvn,USUM70504488
78,"Chicken Noodle Soup","Webstar,Young B,AG aka The Voice of Harlem",95,9B,69,2026-03-09,03:43,38,"k-rap, ","Webstar Presents: Caught In The WEB",2006-01-01,65,8,0,64,30,50,-6,G Major,4,6PGrYbKY6I0LnKmAseNBO2,USUM70606255
79,"2 Much Booty","Down South",129,9B,92,2026-03-09,04:54,36,"miami bass, baltimore club","Bass Kings (Volume 1)",1999-01-01,92,0,4,55,10,20,-6,G Major,4,5lm3l9npXIV0ykvmEWhPzX,USTB11200182
80,"Crank That (Soulja Boy)","Soulja Boy",140,8B,74,2026-03-09,03:41,77,"","souljaboytellem.com",2007-01-01,73,51,0,80,0,0,-2,C Major,4,66TRwr5uJwPt15mfFkzhbi,USUM70742048
81,"Crank Dat Batman","Pop It Off Boyz",147,9B,76,2026-03-09,03:36,31,"","Crank Dat Batman",2007-01-01,73,1,0,83,30,10,-4,G Major,4,1miRBMuGs0oWawvYaFoSID,USUM70758913
82,"Walk It Out","Unk",160,12A,78,2026-03-09,02:53,63,"crunk, southern hip hop","Beat'n Down Yo Block",2006-10-03,79,10,0,71,0,20,-4,C♯/D♭ Minor,4,0JPntF36B28bSTUkjplyNd,USKO10601381
83,"Stanky Legg - Main Edit","GS Boyz",154,10A,70,2026-03-09,03:53,48,"crunk","Stanky Legg (Main Edit)",2009-02-03,76,0,0,74,0,20,-6,B Minor,4,73GD9DI2EBRSi2l57wyh3Z,USJI10900224
84,"You're a Jerk","New Boyz",99,12B,46,2026-03-09,03:09,53,"","Skinny Jeanz and a Mic",2009-08-31,93,15,0,52,30,0,-6,E Major,4,30QbrkRLEimw7HWXb7ntrU,USEA20900194
85,"Cat Daddy","Rej3ctz",102,10B,72,2026-03-09,03:20,44,"","Cat Daddy - Single",2011-02-16,87,1,0,32,20,20,-9,D Major,4,1N4jhCFeE0hrZGYfpJsSAF,USA371198865
86,"Kiss Me Thru The Phone","Soulja Boy,Sammie",150,9B,71,2026-03-09,03:13,82,"","iSouljaBoyTellem",2008-01-01,76,2,0,79,10,0,-4,G Major,4,2q4rjDy9WhaN3o9MvDbO21,USUM70848200
87,"Kiss Kiss (feat. T-Pain)","Chris Brown,T-Pain",140,3A,66,2026-03-09,04:10,77,"r&b, ","Exclusive (Expanded Edition)",2007-11-06,73,5,0,55,20,0,-3,A#/B♭ Minor,3,3wKKkGVn7cVSfgPeYYIiXG,USJI10700577
88,"Tipsy - Club Mix","J-Kwon",93,8B,74,2026-03-09,04:03,66,"","Hood Hop",2004-00-00,93,6,0,66,30,0,-6,C Major,4,0jSMveIWvnhDIvzqN74Uc7,USAR10301217
89,"Headsprung","LL COOL J",100,8B,79,2026-03-09,04:27,60,"old school hip hop, east coast hip hop","THE DEFinition",2004-08-31,72,1,0,47,0,0,-6,C Major,4,1GIN41bLhiKeEPeC2vXH8i,USDJ20400739
90,"We Fly High - Ballin'","Jim Jones",120,3B,66,2026-03-09,03:54,48,"east coast hip hop","M.O.B. Members of Byrdgang",2006-07-15,69,10,0,51,30,40,-10,C♯/D♭ Major,5,6itF8MROxH2MKs5oBuvUTz,USI4R1225260
91,"Stay Fly","Three 6 Mafia",133,1B,88,2026-03-09,03:56,71,"southern hip hop, horrorcore, crunk, gangster rap","Most Known Unknown (Explicit)",2005-09-27,79,11,0,65,0,30,-6,B Major,4,5MYFw4T2gy52pOGBN4EYHS,USSM10502938
92,"Weak Azz B***h (feat. La Chat)","Three 6 Mafia,La Chat",165,11A,97,2026-03-09,02:47,46,"southern hip hop, horrorcore, crunk, gangster rap","When the Smoke Clears: Sixty 6, Sixty 1",2000-06-13,87,5,0,70,20,10,-1,F#/G♭ Minor,4,5RpKjxkf6PWTWelPlfHwa3,USLR50000215
93,"Sippin On Some Syrup (feat. UGK (Underground Kingz) & Project Pat)","Three 6 Mafia,UGK,Project Pat",136,1B,84,2026-03-09,04:21,61,"southern hip hop, horrorcore, crunk, gangster rap, old school hip hop","When the Smoke Clears: Sixty 6, Sixty 1",2000-06-13,94,1,0,89,10,0,-4,B Major,4,2EduiM2UNwjCC7PsLxnOCH,USLR50000214
94,"Lolli Lolli (Pop That Body) (feat. Project Pat, Young D & Superpower) - Explicit Album Version","Three 6 Mafia,Project Pat,Young-D,Superpower",120,10B,95,2026-03-09,04:11,53,"southern hip hop, horrorcore, crunk, gangster rap, ","Last 2 Walk",2008-06-21,89,2,0,87,0,10,-6,D Major,4,4xWMTkwknjh8FzxNrkwLl6,USSM10800904
95,"Ms. New Booty","Bubba Sparxxx,Ying Yang Twins,Mr. Collipark",97,3B,61,2026-03-09,04:40,50,"country hip hop, southern hip hop, crunk, ","The Charm",2006-04-04,60,1,0,57,30,0,-6,C♯/D♭ Major,4,01yJb0xHAvf0Sac9eJBy6O,USVI20500659
96,"Get Low","Lil Jon & The East Side Boyz,Ying Yang Twins",101,3B,63,2026-03-09,05:34,79,"crunk, southern hip hop","Kings Of Crunk",2002-10-29,52,3,0,14,0,10,-7,C♯/D♭ Major,4,0r2Bul2NuCViraT2zX1l5j,USTV10200084
97,"Cyclone (feat. T-Pain) - Main","Baby Bash,T-Pain",78,1B,73,2026-03-09,03:42,71,"","Cyclone (feat. T-Pain) [Main]",2007-07-31,64,1,0,58,0,10,-5,B Major,4,0x1LCpY9Rgeq97VPajm81B,USAR10700270
98,"Hit 'Em Up Style (Oops!)","Blu Cantrell",90,4A,77,2026-03-09,04:10,70,"","So Blu",2001-07-30,67,20,0,67,0,40,-5,F Minor,4,4zYTZvtcww7OWKie7fxA9E,USAR10100372
99,"Breakin' Dishes","Rihanna",125,1A,67,2026-03-10,03:20,85,"","Good Girl Gone Bad: Reloaded",2008-06-02,80,0,0,88,0,0,-4,G#/A♭ Minor,4,46aZJc0z1HHHSFxaIRxYSP,USUM70734702
100,"Rehab","Rihanna",80,3B,79,2026-03-10,04:54,71,"","Good Girl Gone Bad: Reloaded",2008-06-02,60,0,0,40,0,30,-6,C♯/D♭ Major,4,5X3ahLXhOw16BR09GjYPUT,USUM70735519
101,"Good Girl Gone Bad","Rihanna",95,4A,55,2026-03-10,03:33,54,"","Good Girl Gone Bad: Reloaded",2008-06-02,71,3,0,59,0,10,-6,F Minor,4,6g1B0hd6rlT3xP3mERUnz8,USUM70735548
102,"Space Bound","Eminem",142,8B,89,2026-03-10,04:38,70,"rap, hip hop","Recovery",2010-06-18,67,4,0,50,10,40,-3,C Major,4,0sHW1jXe6Sou3437gJQNGA,USUM71015395
103,"Love The Way You Lie","Eminem,Rihanna",87,6B,93,2026-03-10,04:23,88,"rap, hip hop, ","Recovery",2010-06-18,75,24,0,64,20,50,-5,A#/B♭ Major,4,15JINEqzVMv3SvJTAXAKED,USUM71015397
104,"25 To Life","Eminem",80,1A,93,2026-03-10,04:01,63,"rap, hip hop","Recovery",2010-06-18,70,24,0,36,20,10,-1,G#/A♭ Minor,4,0dyWQoMOU9oERL6c9vxtRp,USUM71015420
105,"Take From Me","Bad Meets Evil",147,3B,78,2026-03-10,03:25,51,"","Hell: The Sequel (Deluxe)",2011-01-01,69,2,0,61,20,30,-5,C♯/D♭ Major,4,7n4PRAJjYzGFr1DR3KHYMU,USUM71107495
106,"Fast Lane","Bad Meets Evil",119,3B,87,2026-03-10,04:09,70,"","Hell: The Sequel (Deluxe)",2011-01-01,62,4,0,34,20,20,-4,C♯/D♭ Major,5,2c5Isyd07hWsl7AQia2Dig,USUM71105406
107,"All the Above (feat. T-Pain)","Maino,T-Pain",149,4B,89,2026-03-10,05:19,65,"","If Tomorrow Comes...",2009-06-26,37,8,0,37,10,20,-3,G#/A♭ Major,4,1z667LebVh3DtYNrVJEao0,USAT20900256
108,"Remember the Name (feat. Styles of Beyond)","Fort Minor,Styles Of Beyond",85,4B,84,2026-03-10,03:50,71,"rap rock, ","The Rising Tied (Deluxe Edition)",2005-00-00,69,6,0,88,0,0,-4,G#/A♭ Major,4,7ccC26pJ3aDG81sS4FwdXF,USWB10502457
109,"Where'd You Go (feat. Holly Brook & Jonah Matranga)","Fort Minor,Holly Brook,Jonah Matranga",180,12A,82,2026-03-10,03:51,65,"rap rock, ","The Rising Tied (Deluxe Edition)",2005-00-00,68,26,0,26,20,10,-3,C♯/D♭ Minor,4,1GHqc0e7PQ6aEyGlvfSJzS,USWB10504785
110,"Scarred","Kevin Rudolf",85,3B,79,2026-03-10,04:17,16,"","In The City",2008-01-01,53,2,0,37,0,0,-4,C♯/D♭ Major,4,6r7OMeYPFYoSQA6LmnNkL1,USCM50800950
111,"N.Y.C.","Kevin Rudolf,Nas",106,11B,91,2026-03-10,03:08,26,"old school hip hop, east coast hip hop, hip hop","In The City",2008-01-01,72,2,0,89,0,0,-4,A Major,4,2WGXzG8bHjqPxEpf3o0vKv,USCM50800958
112,"Handlebars","Flobots",142,7B,57,2026-03-10,03:26,64,"","Fight With Tools",2008-01-01,70,2,0,52,10,10,-7,F Major,4,6JH9yWhgbm0y9iAJhCslNc,USUM70810498
113,"Mockingbird","Eminem",84,8B,68,2026-03-10,04:10,87,"rap, hip hop","Encore (Deluxe Version)",2004-11-12,64,21,0,25,20,10,-4,C Major,4,561jH07mF1jHuk7KlaeF0s,USIR10400813
114,"I Got It (feat. Big Block)","Gorilla Zoe,Big Block",160,6A,88,2026-03-10,04:03,57,"southern hip hop, crunk, ","Don't Feed Da Animals",2009-03-16,65,43,0,57,20,30,-6,G Minor,4,6g7bQ8qabCjVQQj2giiYZZ,USBB40900015
115,"Whatever You Like","T.I.",150,8A,69,2026-03-10,04:09,79,"southern hip hop","Paper Trail",2008-09-07,68,2,0,47,0,20,-6,A Minor,4,1IAzD1muglOxOcPbUHs70R,USAT20803170
116,"That's All She Wrote","T.I.,Eminem",170,9B,79,2026-03-10,05:18,70,"southern hip hop, rap, hip hop","No Mercy",2010-12-02,50,3,0,36,30,0,-3,G Major,4,6XAA7T9VHcqKQSzjmXAJ8o,USAT21002600
117,"Break Your Heart","Taio Cruz,Ludacris",122,4B,90,2026-03-10,03:06,71,"southern hip hop","Rokstarr",2010-01-01,67,0,0,62,0,0,-5,G#/A♭ Major,4,1CdqVF1ywD0ZO1zXtB9yWa,GBUM71003723
118,"Run It! (feat. Juelz Santana)","Chris Brown,Juelz Santana",101,12A,48,2026-03-10,03:49,76,"r&b, ","Chris Brown (Expanded Edition)",2005-00-00,85,2,0,21,10,30,-7,C♯/D♭ Minor,4,7xYnUQigPoIDAMPVK79NEq,USJI10500482
119,"Gimme That","Chris Brown",87,10A,57,2026-03-10,03:06,70,"r&b","Chris Brown (Expanded Edition)",2005-00-00,68,0,0,44,0,10,-7,B Minor,4,53ETzLQQKFCzykRbqWb1ph,USJI10500721
120,"Low (feat. T-Pain)","Flo Rida,T-Pain",128,3A,61,2026-03-10,03:51,86,"","Mail on Sunday",2008-03-17,92,9,0,30,0,10,-6,A#/B♭ Minor,4,0CAfXk7DXMnon4gLudAp7J,USAT20705841
121,"Roll (feat. Sean Kingston)","Flo Rida,Sean Kingston",85,3A,61,2026-03-10,03:59,46,"","Mail on Sunday",2008-03-17,77,13,0,56,20,0,-7,A#/B♭ Minor,4,02cO8JBZT4Rx5BJ1qbe2uh,USAT20801438
122,"Elevator (feat. Timbaland)","Flo Rida,Timbaland",120,11A,87,2026-03-10,03:49,55,"","Mail on Sunday",2008-03-17,81,11,0,47,0,20,-6,F#/G♭ Minor,4,44AtutBMMWw14r9CkZ0wna,USAT20800943
123,"It's Goin' Down (feat. Nitti)","Yung Joc,NITTI",84,12A,58,2026-03-10,04:01,70,"crunk, southern hip hop, east coast hip hop","New Joc City",2006-06-06,89,10,0,61,0,10,-8,C♯/D♭ Minor,4,05Sgj1Hx03ZXc57gsV1kfX,USBB40610080
124,"Move Bitch","Ludacris,Mystikal,I-20",178,3B,76,2026-03-10,04:30,65,"southern hip hop, crunk, old school hip hop, gangster rap","Word Of Mouf",2001-01-01,78,24,0,17,10,10,-6,C♯/D♭ Major,4,1Q9b6CeMcDuO0uq5OJCrqu,USDJ20110894
125,"#1","Nelly",180,9B,59,2026-03-10,03:18,57,"","Nellyville",2002-06-25,69,2,0,46,30,50,-6,G Major,4,7rSj5gEdN5KgHwbnEVAZ4b,USUR10200366
126,"Like That","Memphis Bleek",98,10A,91,2026-03-10,03:15,48,"east coast hip hop","534",2005-01-01,91,6,0,58,20,30,-3,B Minor,4,5yrtAPrprvrdJDCTSFn91U,USDJ20500077
127,"I Like That","Houston,Chingy,Nate Dogg,I-20",107,3A,50,2026-03-10,03:56,62,"crunk, g-funk, west coast hip hop, old school hip hop, southern hip hop","It's Already Written",2004-01-01,80,2,0,39,10,10,-4,A#/B♭ Minor,4,4MMqj7HaLL8BphbBZnlsdq,USCA20400614
128,"Lose My Breath","Destiny's Child",119,3B,90,2026-03-10,04:02,64,"","Destiny Fulfilled",2004-11-16,81,1,22,55,0,10,-6,C♯/D♭ Major,4,4dvQg9sD8k9y4qiEURuj8v,USSM10412855
129,"Long Way 2 Go","Cassie",105,4B,66,2026-03-10,03:40,83,"","Cassie (U.S. Version)",2006-08-07,59,6,0,68,0,30,-8,G#/A♭ Major,4,4v5kAh2wWyCSuKuhMJK8u6,USBB40610297
130,"Me & U","Cassie",100,1A,45,2026-03-10,03:12,82,"","Cassie (U.S. Version)",2006-08-07,80,35,0,74,0,0,-5,G#/A♭ Minor,4,7k6IzwMGpxnRghE7YosnXT,USBB40610361
131,"Dead And Gone","T.I.,Justin Timberlake",135,8B,75,2026-03-10,04:59,74,"southern hip hop, ","Paper Trail",2008-09-07,71,4,0,47,20,60,-5,C Major,4,7IhsLJMqdxoo7YAZjaSMru,USAT20803689
132,"Winner (feat. Justin Timberlake & T.I.)","Jamie Foxx,Justin Timberlake,T.I.",90,12A,66,2026-03-10,04:02,46,"southern hip hop","Best Night Of My Life",2010-12-20,64,1,0,65,30,10,-7,C♯/D♭ Minor,4,31kUJ6TBHOICknBrFugOvI,USJAY0900331
133,"Ridin'","Chamillionaire,Krayzie Bone",143,1A,80,2026-03-10,05:03,70,"southern hip hop, ","The Sound of Revenge",2005-01-01,79,19,0,84,10,30,-5,G#/A♭ Minor,4,3kZoay4ANo86ehb6s4RwS9,USUM70503088
134,"Make That Money","K7",106,3B,79,2026-03-10,04:15,15,"freestyle","The King's Agenda",2009-03-26,92,4,0,83,0,10,-7,C♯/D♭ Major,4,264rF96MS92w4hp01Hd1z8,uscgj0918570
135,"High On Your Love","K7",97,4B,69,2026-03-10,03:19,3,"freestyle","The King's Agenda",2009-03-26,82,3,0,89,0,10,-7,G#/A♭ Major,4,1908ZLKYT5zDCUrU5eFYGn,uscgj0918568
136,"Run This Town","JAŸ-Z,Rihanna,Kanye West",87,3B,92,2026-03-11,04:27,81,"hip hop, east coast hip hop, rap","The Blueprint 3",2009-09-08,63,28,0,44,20,20,-2,C♯/D♭ Major,4,7LR85XLWw2yXqKBSI5brbG,USJZ10900010
137,"Church (feat. Teddy Verseti)","T-Pain,Teddy Verseti",80,4A,83,2026-03-10,04:01,67,"","Epiphany (Expanded Edition)",2007-06-05,79,7,0,96,10,30,-5,F Minor,4,7cyBdix7HId2onf99SrJBV,USJI10700376
138,"Ayo Technology","50 Cent,Justin Timberlake,Timbaland",140,1A,78,2026-03-10,04:07,82,"old school hip hop, east coast hip hop, ","Curtis",2007-01-01,63,8,0,42,10,0,-5,G#/A♭ Minor,4,36Hwcla06Q5BCr59CL0sBp,USUM70735445
139,"Baby By Me","50 Cent,Ne-Yo",190,5A,83,2026-03-10,03:33,79,"old school hip hop, east coast hip hop, ","Before I Self-Destruct",2009-01-01,61,0,1,36,0,0,-5,C Minor,4,1x075F39Q0zOhjPzPKgG8E,USUM70986703
140,"Lollipop","Lil Wayne,Static Major",148,8B,43,2026-03-10,04:59,70,"rap, hip hop, ","Tha Carter III (MTV Bonus Version)",2008-01-01,83,6,0,46,0,10,-9,C Major,4,1pm7lQGl6mvKWDxesZTVFp,USCM50800556
141,"Whatever U Like","Nicole Scherzinger,T.I.",93,3A,68,2026-03-10,03:53,48,"southern hip hop","Whatever U Like",2007-01-01,69,17,0,51,0,10,-5,A#/B♭ Minor,4,4oKxYjLCnXbfEGB63C1MvC,USUM70743234
142,"Down On Me","Jeremih,50 Cent",160,10B,60,2026-03-10,03:48,72,"old school hip hop, east coast hip hop","All About You (Deluxe Edition)",2010-01-01,70,4,0,59,10,10,-8,D Major,4,5ZxCk43qwHrzVUahCyRLEm,USUM71023043
143,"Backseat (feat. The Cataracs & Dev)","New Boyz,The Cataracs,DEV",125,9B,92,2026-03-10,03:44,46,"","Too Cool to Care",2011-05-13,60,7,0,78,10,50,-3,G Major,4,4dWjQ3wEfW6KPaaxCoaPH4,USWB11100018
144,"Falsetto","The-Dream",131,8B,55,2026-03-10,04:31,57,"r&b","Love/Hate",2007-01-01,73,16,0,48,0,10,-4,C Major,4,2P1e3xpjDhYFqOFeu8IWzS,USUM70761838
145,"Grind With Me","Pretty Ricky",137,3B,54,2026-03-10,03:57,67,"r&b","Bluestars",2005-05-17,70,0,0,19,0,10,-6,C♯/D♭ Major,4,3B7i9OKRRmIsSBHEbJz58Y,USAT20502447
146,"Birthday Sex","Jeremih",60,6A,52,2026-03-10,03:46,78,"","Jeremih",2009-01-01,68,30,0,45,0,10,-6,G Minor,4,4NpDZPwSXmL0cCTaJuVrCw,USUM70959630
147,"Heavy Rotation","Ciara",132,11B,76,2026-03-10,04:08,22,"","Basic Instinct",2010-12-10,75,1,0,32,0,10,-8,A Major,4,2YYjiwYdhHGVoTy12yjuwh,USLF21000065
148,"Get Up (feat. Chamillionaire)","Ciara,Chamillionaire",129,12A,60,2026-03-10,04:21,66,"southern hip hop","The Evolution",2006-00-00,96,2,0,63,10,0,-7,C♯/D♭ Minor,4,3rKCDtV8UcF0RytSiXxypc,USLF20600131
149,"S&M","Rihanna",128,3B,69,2026-03-10,04:03,86,"","Loud",2010-01-01,77,1,0,84,0,0,-5,C♯/D♭ Major,4,7ySUcLPVX7KudhnmNcgY2D,USUM71026591
150,"Cockiness (Love It)","Rihanna",125,4B,77,2026-03-10,02:58,56,"","Talk That Talk",2011-11-18,67,0,0,27,0,10,-7,G#/A♭ Major,4,76iUSvF96Plu0764Jjc6xL,USUM71118090
151,"Birthday Cake - Album Version (Edited)","Rihanna",160,5B,83,2026-03-10,01:18,41,"","Talk That Talk",2011-11-18,66,34,0,40,0,30,-7,D#/E♭ Major,4,2holReRruSgsAE4xaYg55K,USUM71118093
152,"Man Down","Rihanna",156,5A,91,2026-03-10,04:26,64,"","Loud",2010-11-16,48,4,0,54,10,0,-4,C Minor,4,454h9zAIuTe1eJyw9iTnj4,USUM71026642
153,"Take Care","Drake,Rihanna",122,5A,52,2026-03-10,04:37,79,"rap, ","Take Care (Deluxe)",2011-11-15,63,3,0,30,20,0,-10,C Minor,4,124NFj84ppZ5pAxTuVQYCQ,USCM51100547
154,"Headlines","Drake",152,11A,57,2026-03-10,03:55,87,"rap","Take Care (Deluxe)",2011-11-15,64,37,0,43,10,0,-7,F#/G♭ Minor,4,6LxSe8YmdPxy095Ux6znaQ,USCM51100290
155,"HYFR (Hell Ya Fucking Right)","Drake,Lil Wayne",98,6A,63,2026-03-10,03:26,74,"rap, hip hop","Take Care (Deluxe)",2011-11-15,44,12,0,36,20,0,-9,G Minor,3,0m1KYWlT6LhFRBDVq9UNx4,USCM51100570
156,"The Motto","Drake,Lil Wayne",202,3B,44,2026-03-10,03:01,76,"rap, hip hop","Take Care (Deluxe)",2011-11-15,77,0,0,39,30,10,-9,C♯/D♭ Major,4,4Kz4RdRCceaA9VgTqBhBfa,USCM51100731
157,"Not Afraid","Eminem",115,5A,95,2026-03-10,04:08,80,"rap, hip hop","Recovery",2010-06-18,86,53,0,67,20,20,-1,C Minor,5,7Ie9W94M7OjPoZVV216Xus,USUM71011769
158,"Black and Yellow","Wiz Khalifa",164,7A,83,2026-03-10,03:37,80,"","Rolling Papers",2011-03-29,68,6,0,54,0,20,-5,D Minor,4,5A6OHHy73AR5tLxgTc98zz,USAT21001800
159,"Beautiful","Eminem",132,4A,70,2026-03-10,06:32,71,"rap, hip hop","Relapse: Refill",2009-05-15,73,25,0,47,0,0,-4,F Minor,4,1HR2CTi0ytRJIcik1QKdOa,USUM70964089
160,"Drop The World","Lil Wayne,Eminem",145,3B,91,2026-03-10,03:49,65,"rap, hip hop","Rebirth",2009-01-01,66,7,0,34,30,20,-2,C♯/D♭ Major,4,3e21cX0CVwzkQXiHz7WUQZ,USCM50901210
161,"She Will","Lil Wayne,Drake",100,4B,84,2026-03-10,05:05,79,"rap, hip hop","Tha Carter IV (Complete Edition)",2011-08-29,36,0,0,8,10,20,-5,G#/A♭ Major,5,0b4M7hd7mzLTm99MrMeZsp,USCM51100309
162,"Swimming Pools (Drank)","Kendrick Lamar",74,4B,45,2026-03-10,04:07,83,"hip hop, west coast hip hop","Swimming Pools (Drank)",2012-01-01,69,1,0,20,20,0,-6,G#/A♭ Major,4,6REbwUNlppTfcnV4d4ZoZi,USUM71207642
163,"Dance (A$$) Remix","Big Sean,Nicki Minaj",160,10A,73,2026-03-10,03:40,62,"","Finally Famous",2011-01-01,79,3,0,72,30,0,-7,B Minor,4,3ZAMtgYJFoHwJjFkhkXqKr,USUM71116321
164,"Rack City","Tyga",99,3B,33,2026-03-10,03:28,70,"","Careless World: Rise Of The Last King",2012-01-01,93,4,0,26,30,10,-11,C♯/D♭ Major,4,7rPLYmabWMobWhoIqZe6rh,USCM51100735
165,"Whistle","Flo Rida",104,8B,94,2026-03-10,03:44,80,"","Wild Ones",2012-06-22,75,2,0,74,0,20,-6,C Major,4,3bC1ahPIYt1btJzSSEyyrF,USAT21201745
166,"Look At Me Now (feat. Lil' Wayne & Busta Rhymes)","Chris Brown,Lil Wayne,Busta Rhymes",146,10A,68,2026-03-10,03:42,75,"r&b, rap, hip hop, east coast hip hop","F.A.M.E. (Expanded Edition)",2011-03-22,77,3,0,54,10,10,-6,B Minor,4,3hsmbFKT5Cujb5GQjqEU39,USJI11100017
167,"Deuces (feat. Tyga & Kevin McCall)","Chris Brown,Tyga,Kevin McCall",74,3B,74,2026-03-10,04:36,73,"r&b, ","F.A.M.E. (Expanded Edition)",2011-03-22,69,3,0,22,10,0,-5,C♯/D♭ Major,4,6wN4nT2qy3MQc098yL3Eu9,USJI11000113
168,"No Church In The Wild","JAŸ-Z,Kanye West,Frank Ocean,The-Dream",93,1A,75,2026-03-10,04:32,78,"hip hop, east coast hip hop, rap, r&b","Watch The Throne",2011-08-08,65,24,2,56,10,10,-8,G#/A♭ Minor,4,7r6PigmGzlB3YPB7wvBBbi,USUM71111617
169,"Ni**as In Paris","JAŸ-Z,Kanye West",140,3B,86,2026-03-10,03:39,83,"hip hop, east coast hip hop, rap","Watch The Throne",2011-08-08,79,13,0,78,30,30,-6,C♯/D♭ Major,4,1auxYwYrFRqZP7t3s7w4um,USUM71111621
170,"Mercy","Kanye West,Big Sean,Pusha T,2 Chainz",140,11A,50,2026-03-10,05:29,72,"rap, southern hip hop","Mercy",2012-01-01,56,7,0,43,40,10,-9,F#/G♭ Minor,4,4qikXelSRKvoCqFcHLB2H2,USUM71203564
171,"Snap Backs & Tattoos","Driicky Graham",140,3A,69,2026-03-10,03:29,43,"","Snap Backs & Tattoos",2012-03-20,86,12,0,54,30,10,-4,A#/B♭ Minor,4,5V4zERFNNI0ic4OvrmB5Ti,USKO11200828
172,"I'm Different","2 Chainz",98,6B,70,2026-03-10,03:27,11,"southern hip hop, rap","Based On A T.R.U. Story (Deluxe)",2012-01-01,94,5,0,70,0,0,-5,A#/B♭ Major,4,6J5sxraPPZ4b0CVOGAgpXj,USUM71208020
173,"Fish Paste","Die Antwoord",95,2B,49,2026-03-10,04:17,38,"","$O$",2010-01-01,87,9,0,62,40,20,-6,F#/G♭ Major,4,5Ar7TB13XZYF6sDb6RoyWz,USUM71018401
174,"Brooklyn","Fabolous,JAŸ-Z,Uncle Murda",97,9B,89,2026-03-10,03:56,35,"hip hop, east coast hip hop, rap, ","From Nothin' To Somethin' (Bonus Track Version)",2007-01-01,61,4,0,67,30,10,-6,G Major,4,15JcuP88qRbQ2nQmbzYtRX,USUM70738030
175,"Thrift Shop (feat. Wanz)","Macklemore & Ryan Lewis,Macklemore,Ryan Lewis,Wanz",95,11A,53,2026-03-10,03:55,67,"g-funk, west coast hip hop","The Heist (Deluxe Edition)",2012-10-09,78,6,0,67,20,0,-7,F#/G♭ Minor,4,7bYZBVrnRfqeaPbhRyEvK3,GMM881200003
176,"Wobble","V.I.C.",95,2A,75,2026-03-10,05:21,67,"","Beast",2008-00-00,86,40,0,38,20,10,-4,D#/E♭ Minor,4,6JLcz9UGiVxAmEZXlCucn5,USRE10800620
177,"Wicked Games","The Weeknd",114,11B,57,2026-03-10,05:25,56,"","Trilogy",2012-11-13,59,2,0,24,0,30,-7,A Major,4,7bGF2hNOP6SROacsxo1fCk,USUM72104140
178,"High For This","The Weeknd",75,9A,40,2026-03-10,04:09,52,"","Trilogy",2012-11-13,46,58,0,8,0,0,-11,E Minor,4,36LdTnEWBDLDDA3hEsSLvi,USUM72104128
179,"House Of Balloons / Glass Table Girls","The Weeknd",89,8B,50,2026-03-10,06:47,55,"","Trilogy",2012-11-13,66,0,0,20,0,20,-8,C Major,4,5d6lYplVOV4xJ37EVCpHqB,USUM72104130
180,"Lonely Star","The Weeknd",158,10B,62,2026-03-10,05:49,51,"","Trilogy",2012-11-13,47,27,3,17,0,40,-9,D Major,4,4coENUbKuiuFb0C38uqFTi,USUM72111895
181,"Thursday","The Weeknd",179,5A,49,2026-03-10,05:20,48,"","Trilogy",2012-11-13,26,48,3,23,0,0,-8,C Minor,3,7Kd39JsnLyJLEXNeWUi3T9,USUM72111928
182,"The Zone","The Weeknd,Drake",140,2A,38,2026-03-10,06:58,54,"rap","Trilogy",2012-11-13,65,13,0,27,0,10,-10,D#/E♭ Minor,4,6HrLsSVEk6C1X2EKmOEBxA,USUM72111952
183,"Outside","The Weeknd",140,4A,49,2026-03-10,04:19,46,"","Trilogy",2012-11-13,58,76,0,23,0,10,-7,F Minor,4,5RgSyslysUK17GhRli5ksZ,USUM72121526
184,"I'm In It","Kanye West",170,3B,60,2026-03-10,03:54,58,"rap","Yeezus",2013-06-18,49,14,0,45,30,0,-5,C♯/D♭ Major,4,52NmkyHsGsHGb1UX8fTkMg,USUM71307517
185,"Black Skinhead","Kanye West",130,3B,81,2026-03-10,03:08,73,"rap","Yeezus",2013-06-18,77,0,0,33,20,10,-6,C♯/D♭ Major,4,722tgOgdIbNe3BEyLnejw4,USUM71307719
186,"Blood On The Leaves","Kanye West",172,7A,69,2026-03-10,05:59,65,"rap","Yeezus",2013-06-18,40,40,0,36,20,10,-4,D Minor,4,42GcjriRK6srwHkfbkBqVl,USUM71307498
187,"Unfuckwittable","Kid Cudi",188,6B,83,2026-03-10,04:35,48,"","Indicud",2013-04-12,56,0,37,30,0,20,-4,A#/B♭ Major,4,0jUie9UEhrUFWo683TC3KW,USUM71303217
188,"King Wizard","Kid Cudi",140,4B,61,2026-03-10,04:16,49,"","Indicud",2013-04-12,72,4,3,38,0,10,-8,G#/A♭ Major,4,4bFOo0IbTRXQBXNWEpGxXX,USUM71212592
189,"Ashin’ Kusher","Kid Cudi",93,6B,64,2026-03-10,03:48,49,"","Man On The Moon II: The Legend Of Mr. Rager",2010-11-09,86,73,0,58,20,10,-6,A#/B♭ Major,4,6GSMozgAebBmuM2hCV15H3,USUM71025501
190,"Mojo So Dope","Kid Cudi",180,11A,79,2026-03-10,03:30,63,"","Man On The Moon II: The Legend Of Mr. Rager",2010-11-09,61,55,84,85,0,30,-8,F#/G♭ Minor,4,6hPSal3ragmfUt1I5mKZjn,USUM71025500
191,"Mr. Rager","Kid Cudi",102,9B,73,2026-03-10,04:54,74,"","Man On The Moon II: The Legend Of Mr. Rager",2010-11-09,67,39,88,58,0,10,-9,G Major,4,393MDhe62s8hbH8ETrlxe5,USUM71025042
192,"Bad Guy","Eminem",83,8B,80,2026-03-10,07:14,52,"rap, hip hop","The Marshall Mathers LP2 (Deluxe)",2013-11-05,50,6,0,35,40,20,-4,C Major,4,3IaAYtmN8T0YIYVqnxNnVz,USUM71314073
193,"So Much Better","Eminem",85,3A,86,2026-03-10,04:21,48,"rap, hip hop","The Marshall Mathers LP2 (Deluxe)",2013-11-05,72,25,0,62,20,60,-1,A#/B♭ Minor,4,6dJRP4pXk4SOzWfhfHL3Or,USUM71314076
194,"Legacy","Eminem",164,8A,90,2026-03-10,04:56,56,"rap, hip hop","The Marshall Mathers LP2 (Deluxe)",2013-11-05,66,28,0,53,40,20,-4,A Minor,4,1mavQ4WCzXSeL2Dm5DS4GQ,USUM71314077
195,"I Don't Fuck With You","Big Sean,E-40",98,3B,73,2026-03-10,04:44,76,"hyphy, west coast hip hop, g-funk","Dark Sky Paradise",2015-02-23,82,4,0,40,0,30,-5,C♯/D♭ Major,4,7FYH5AW3bVfZHJIQpq3UOA,USUM71414033
196,"Energy","Drake",172,1B,57,2026-03-10,03:01,71,"rap","If You're Reading This It's Too Late",2015-02-12,75,38,0,55,40,50,-8,B Major,4,79XrkTOfV1AqySNjVlygpW,USCM51500012
197,"10 Bands","Drake",173,10A,76,2026-03-10,02:57,63,"rap","If You're Reading This It's Too Late",2015-02-12,83,27,0,89,30,0,-4,B Minor,4,12d5QFwzh60IIHlsSnAvps,USCM51500014
198,"Don't Tell 'Em","Jeremih,YG",98,10B,53,2026-03-10,04:26,77,"","Late Nights: The Album",2015-12-04,86,39,0,39,10,10,-5,D Major,4,0Dc7J9VPV4eOInoxUiZrsL,USUM71406166
199,"Low Life (feat. The Weeknd)","Future,The Weeknd",144,4B,33,2026-03-10,05:13,83,"rap, ","EVOL",2016-04-13,72,34,28,10,0,10,-8,G#/A♭ Major,4,7EiZI6JVHllARrX9PUvAdX,USSM11600557
200,"LIKE I WOULD","ZAYN",113,3A,83,2026-03-10,03:12,60,"","Mind Of Mine (Deluxe Edition)",2016-03-25,56,2,0,23,10,20,-6,A#/B♭ Minor,4,1zWMf9bVyhY5W3ZORbjNWt,USRC11600403
201,"Starboy","The Weeknd,Daft Punk",186,9B,59,2026-03-10,03:50,91,"french house, electronic, electro","Starboy",2016-11-25,68,14,0,49,20,10,-7,G Major,4,7MXVkk9YMctZqd1Srtv4MB,USUG11600976
202,"Partition","Beyoncé",176,10A,44,2026-03-10,05:19,72,"","BEYONCÉ [Platinum Edition]",2014-11-24,42,3,7,17,20,30,-12,B Minor,4,5hgnY0mVcVetszbb85qeDg,USSM11307803
203,"Blow","Beyoncé",120,8B,43,2026-03-10,05:09,58,"","BEYONCÉ [Platinum Edition]",2014-11-24,88,24,0,78,0,20,-8,C Major,4,6wwrYruEgWlowPDZMq5116,USSM11307801
204,"Hold Up","Beyoncé",81,8B,40,2026-03-10,03:41,65,"","Lemonade",2016-04-23,52,75,0,55,40,50,-12,C Major,4,0rzNMzZsubFcXSEh7dnem7,USSM11603176
205,"I Fall Apart","Post Malone",144,1A,54,2026-03-10,03:43,76,"","Stoney (Deluxe)",2016-12-09,56,7,0,29,0,20,-5,G#/A♭ Minor,4,75ZvA4QfFiZvzhj2xkaWAh,USUM71614475
206,"Bounce Back","Big Sean",82,12A,57,2026-03-10,03:42,65,"","I Decided.",2017-02-03,79,11,0,27,10,10,-6,C♯/D♭ Minor,4,0SGkqnVQo9KPytSri1H6cF,USUM71614503
207,"rockstar (feat. 21 Savage)","Post Malone,21 Savage",160,4A,52,2026-03-10,03:38,83,"","beerbongs & bentleys",2018-04-27,59,12,0,13,0,10,-6,F Minor,4,0e7ipj03S05BNilyu5bRzt,USUM71710087
208,"Over Now","Post Malone",164,9A,78,2026-03-10,04:06,67,"","beerbongs & bentleys",2018-04-27,57,14,0,18,0,10,-4,E Minor,4,09IOPhEh1OMe0HD9b36FJk,USUM71805169
209,"HUMBLE.","Kendrick Lamar",150,12A,63,2026-03-10,02:57,3,"hip hop, west coast hip hop","DAMN.",2017-04-14,91,0,0,42,0,10,-7,C♯/D♭ Minor,4,7ujx3NYtwO2LkmKGz59mXp,USUM71703085
210,"Ooh Kill Em","Meek Mill",134,6A,72,2026-03-10,02:18,42,"rap","Unreleased Killadelphia Muzik",2014-10-27,76,2,0,38,20,10,-8,G Minor,4,0z5jiuz3oC84uqta6qwq02,QMPKX1886749
211,"Monster","Meek Mill",94,1B,75,2026-03-10,02:50,52,"rap","Monster",2015-03-03,67,1,0,53,20,30,-5,B Major,4,37EDnGj3yFe5Hs4Zk3s3YF,USAT21500288
212,"Blow a Check","Zoey Dollaz",81,3B,48,2026-03-10,03:13,24,"","Who Don't Like Dollaz",2015-09-22,89,0,0,22,10,10,-7,C♯/D♭ Major,4,3IKaK0z2lNVzX6gBH2ReDw,USUYG1080733
213,"Panda","Desiigner",145,3A,77,2026-03-10,04:06,70,"","New English",2016-06-26,58,3,0,24,40,30,-5,A#/B♭ Minor,4,5YEOzOojehCqxGQCcQiyR4,USUM71601094
214,"Grindin'","NF,Marty",110,3B,73,2026-03-10,04:37,57,"christian hip hop","Therapy Session",2016-04-22,68,19,0,32,10,0,-7,C♯/D♭ Major,4,3m6HMeFX6GIlGPMBcLEN6t,USUM71601383
215,"All The Stars (with SZA) - From  Black Panther: The Album ","Kendrick Lamar,SZA",97,4B,63,2026-03-10,03:52,90,"hip hop, west coast hip hop, r&b","Black Panther The Album Music From And Inspired By",2018-02-09,70,6,0,56,0,0,-5,G#/A♭ Major,4,3GCdLUSnKSMJhs4Tj6CV3s,USUM71713947
216,"Emotionally Scarred","Lil Baby",88,11A,64,2026-03-10,03:17,72,"","My Turn",2020-02-28,59,3,0,27,10,30,-4,F#/G♭ Minor,4,7ge7BHazYbVKi8qyZUX1Bm,USUG12000034
217,"I Mean It (feat. Remo)","G-Eazy,Remo the Hitmaker",140,6B,56,2026-03-10,03:56,67,"","These Things Happen",2014-06-23,71,13,0,14,10,10,-6,A#/B♭ Major,4,6jmTHeoWvBaSrwWttr8Xvu,USRC11400730
218,"HIGHEST IN THE ROOM","Travis Scott",76,6A,43,2026-03-10,02:55,84,"rap","HIGHEST IN THE ROOM",2019-10-04,60,5,0,6,0,20,-9,G Minor,4,3eekarcy7kvN4yt5ZFzltW,USSM11904276
219,"Girls Love Beyoncé (feat. James Fauntleroy)","Drake,James Fauntleroy",126,10A,49,2026-03-10,03:45,60,"rap, ","Care Package",2019-08-02,62,78,0,33,40,10,-11,B Minor,4,56NDFbD0tCUawnqeU2wcvv,USUG11902757
220,"Wow.","Post Malone",100,10A,54,2026-03-10,02:29,79,"","Hollywood's Bleeding",2019-09-06,83,14,0,39,20,10,-7,B Minor,4,7xQAfvXzm3AkraOtGPWIZg,USUM71822626
221,"Hollywood's Bleeding","Post Malone",130,9A,65,2026-03-10,02:36,73,"","Hollywood's Bleeding",2019-09-06,41,33,0,17,0,10,-3,E Minor,4,7sWRlDoTDX8geTR8zzr2vt,USUM71915730
222,"Bandit (with YoungBoy Never Broke Again)","Juice WRLD,YoungBoy Never Broke Again",180,4A,63,2026-03-10,03:09,75,"melodic rap, emo rap, ","Death Race For Love (Bonus Track Version)",2019-03-08,47,7,0,42,30,10,-6,F Minor,4,1oWM79mUVdZGCGYjSirHZR,USUG11903492
223,"ROCKSTAR (feat. Roddy Ricch)","DaBaby,Roddy Ricch",90,1B,69,2026-03-10,03:01,75,"melodic rap","BLAME IT ON BABY",2020-04-17,75,25,0,50,10,10,-8,B Major,4,7ytR5pFWmSjzHJIeQkgog4,USUM72007941
224,"Old Town Road (feat. Billy Ray Cyrus) - Remix","Lil Nas X,Billy Ray Cyrus",136,2B,62,2026-03-10,02:37,78,"","7",2019-06-21,88,5,0,64,10,10,-6,F#/G♭ Major,4,2YpeDb67231RjR0MgVLzsG,USSM11902498
225,"Panini","Lil Nas X",154,4A,59,2026-03-10,01:54,61,"","Panini",2019-09-13,70,34,0,48,0,10,-6,F Minor,4,1000nHvUdawXuUHgBod4Wv,USSM11903948
226,"After Hours","The Weeknd",109,4A,57,2026-03-10,06:01,82,"","After Hours",2020-03-20,66,8,1,14,0,10,-6,F Minor,4,2p8IUWQDrpjuFltbdgLOag,USUG12000586
227,"Nevada","YoungBoy Never Broke Again",148,5A,59,2026-03-10,02:35,80,"","Sincerely, Kentrell",2021-09-24,78,40,0,24,20,10,-9,C Minor,4,2cEnKRR4dYBB2VA1mjlb1z,USAT22103399
228,"Kacey Talk","YoungBoy Never Broke Again",127,3A,61,2026-03-10,02:31,66,"","Top",2020-09-11,88,54,0,77,10,10,-8,A#/B♭ Minor,4,1SF8piqsZWn86DajVKih8F,USAT22005042
229,"Lil Boo Thang","Paul Russell",114,8B,70,2026-03-10,01:54,78,"","Lil Boo Thang",2023-08-18,85,15,0,92,0,30,-3,C Major,4,0cVyQfDyRnMJ0V3rjjdlU3,USAR12300323
230,"CALYPSO","Bryson Tiller",98,3B,73,2026-03-10,03:08,53,"trap soul, r&b","CALYPSO",2024-03-19,75,3,0,32,10,10,-4,C♯/D♭ Major,4,3o2g4rjFVgHsRFSa2qcpgr,USRC12400568
231,"We Still Don't Trust You","Future,Metro Boomin,The Weeknd",110,5A,59,2026-03-10,04:12,74,"rap, ","WE STILL DON'T TRUST YOU",2024-04-12,72,3,26,43,0,40,-6,C Minor,4,7sVbKoBdhXtYCEOO6qC1SN,USSM12403111
232,"CUFF IT","Beyoncé",115,9B,69,2026-03-10,03:45,74,"","RENAISSANCE",2022-07-29,78,4,0,64,10,0,-6,G Major,4,1xzi1Jcr7mEi9K2RfzLOqS,USSM12206232
233,"HEATED","Beyoncé",111,3B,73,2026-03-10,04:20,67,"","RENAISSANCE",2022-07-29,79,6,0,50,10,20,-6,C♯/D♭ Major,4,1w7cgGZR86yWz1pA2puVJD,USSM12206239
234,"ALL UP IN YOUR MIND","Beyoncé",136,11B,58,2026-03-10,02:49,59,"","RENAISSANCE",2022-07-29,74,7,0,8,0,10,-7,A Major,4,3k4CoiIQXiNBrwrmbBMDxj,USSM12206241
235,"PURE/HONEY","Beyoncé",124,3B,56,2026-03-10,04:48,64,"","RENAISSANCE",2022-07-29,86,1,0,45,10,20,-8,C♯/D♭ Major,4,4DByEumlGTZKSzuVEZ35eo,USSM12206243
236,"Jump","Tyla,Gunna,Skillibeng",100,3A,72,2026-03-10,02:27,62,"afrobeats, melodic rap, dancehall","Jump",2024-03-20,79,3,0,63,0,20,-3,A#/B♭ Minor,4,0ve0CavjqrUqVmZ605RhTV,USSM12308661
237,"Snap My Finger (feat. PinkPantheress)","KAYTRANADA,PinkPantheress",118,4A,64,2026-03-10,03:21,68,"bedroom pop","TIMELESS",2024-06-07,77,2,1,50,0,40,-8,F Minor,4,5LyKocU0lhUBlXrFKDxbBO,USRC12401536
238,"Diamonds And Pearls","THEY.",145,11A,58,2026-03-10,03:09,33,"","Diamonds And Pearls",2024-06-20,70,9,0,68,0,0,-5,F#/G♭ Minor,4,2fKW2z6VAOGSaEeOTBTOWt,QMB622401701
239,"Saturn","SZA",178,3B,62,2026-03-10,03:06,77,"r&b","Saturn",2024-02-22,41,62,0,34,0,10,-7,C♯/D♭ Major,4,1bjeWoagtHmUKputLVyDxQ,USRC12400216
240,"Love Like","Kehlani",97,3B,75,2026-03-10,02:08,40,"","While We Wait 2",2024-08-28,78,2,0,62,0,10,-5,C♯/D♭ Major,4,0EzGo7e1iSzk8GurP7pn15,USAT22407811
241,"LUCID DREAMS (feat. Masego)","Leon Thomas,Masego",155,6A,64,2026-03-10,03:46,67,"","MUTT",2024-09-27,73,11,7,56,0,10,-7,G Minor,4,6Px7oJcPvMWLhwRHmao0Fe,USUM72409194
242,"COMË N GO","Yeat",145,8A,59,2026-03-11,03:18,84,"rage rap","DANGEROUS SUMMER",2025-08-01,90,6,0,30,0,10,-6,A Minor,4,2mNGL7mZILSqZHxGboJaO9,USUM72508238
243,"ACTIN UP","Tommy Richman",145,12A,54,2026-03-11,02:13,70,"","ACTIN UP",2025-02-07,93,2,0,45,0,0,-5,C♯/D♭ Minor,4,1Nk1kQx3HmUaobcAu9S26f,USC4R2553047
244,"NUEVAYoL","Bad Bunny",138,2B,20,2026-03-10,03:03,97,"reggaeton, trap latino, latin, urbano latino","DeBÍ TiRAR MáS FOToS",2025-01-05,14,27,100,12,10,20,-20,F#/G♭ Major,4,5TFD2bmFKGhoCRbX61nXY5,QMFMF2447055
245,"Tití Me Preguntó","Bad Bunny",107,4A,72,2026-03-10,04:03,95,"reggaeton, trap latino, latin, urbano latino","Un Verano Sin Ti",2022-05-06,65,10,0,19,20,10,-5,F Minor,4,1IHWl5LamUGEuP4ozKQSXZ,QM6MZ2214878
246,"Not Like Us","Kendrick Lamar",101,3B,47,2026-03-10,04:34,88,"hip hop, west coast hip hop","Not Like Us",2024-05-04,90,1,0,21,0,10,-7,C♯/D♭ Major,4,6AI3ezQ4o3HUoP6Dhudph3,USUG12400910
247,"THANK GODDESS","Qveen Herby",106,8A,74,2026-03-11,02:47,52,"","THE MUSE",2023-02-14,91,17,0,38,10,0,-5,A Minor,4,27IubiEgQJczAE6OC7PgmQ,QZFZ62344251
248,"STUPID (feat. Yung Baby Tate)","Ashnikko,Baby Tate",150,10B,64,2026-03-11,02:47,65,"","Hi, It's Me",2019-07-12,77,0,0,54,10,0,-7,D Major,4,6qNB2ChCVPepl5ZjVJJTUW,GBAYE1900593
249,"HAHAHA","Lil Dicky",158,3B,49,2026-03-11,04:03,41,"","Penith (The DAVE Soundtrack)",2024-01-19,87,0,0,14,10,10,-7,C♯/D♭ Major,4,73cnzXHK8i4WC5Pw0ZIZ2F,QMRSZ2302742
250,"Danny Phantom (feat. XXXTENTACION)","Trippie Redd,XXXTENTACION",147,10A,80,2026-03-16,02:16,51,"melodic rap, emo rap","Trip At Knight",2021-08-21,63,16,0,81,40,30,-7,B Minor,4,2CxXnPvHjWOrzSVvNs0j8c,QZJ842001150